{"cameraMode":{"drawMode":0,"name":"Shaded","section":"Shading Mode"},"sceneLighting":true,"audioPlay":false,"sceneViewState":{"m_AlwaysRefresh":false,"showFog":true,"showSkybox":false,"showFlares":true,"showImageEffects":true,"showParticleSystems":true,"showVisualEffectGraphs":true,"m_FxEnabled":false},"in2DMode":false,"pivot":{"x":36.985679626464847,"y":3.1945862770080568,"z":20.46546173095703},"rotation":{"x":-0.09753622859716416,"y":-0.8589298129081726,"z":0.17304269969463349,"w":-0.47354617714881899},"size":2.072812557220459,"orthographic":false}