{"cameraMode":{"drawMode":0,"name":"Shaded","section":"Shading Mode"},"sceneLighting":false,"audioPlay":false,"sceneViewState":{"m_AlwaysRefresh":false,"showFog":true,"showSkybox":false,"showFlares":true,"showImageEffects":false,"showParticleSystems":true,"showVisualEffectGraphs":true,"m_FxEnabled":true},"in2DMode":false,"pivot":{"x":0.09896361827850342,"y":-0.25014615058898928,"z":0.12147855758666992},"rotation":{"x":0.1522294133901596,"y":-0.8068552613258362,"z":0.23638483881950379,"w":0.519572913646698},"size":1.294987440109253,"orthographic":false}