{"cameraMode":{"drawMode":0,"name":"Shaded","section":"Shading Mode"},"sceneLighting":true,"audioPlay":false,"sceneViewState":{"m_AlwaysRefresh":false,"showFog":true,"showSkybox":false,"showFlares":true,"showImageEffects":true,"showParticleSystems":true,"showVisualEffectGraphs":true,"m_FxEnabled":true},"in2DMode":false,"pivot":{"x":0.7448782920837402,"y":-1.8054782152175904,"z":5.057011604309082},"rotation":{"x":-0.2376936674118042,"y":0.009333916008472443,"z":-0.0022833794355392458,"w":-0.9713040590286255},"size":4.559371471405029,"orthographic":false}